{
    "감사청렴1": [
        "D:\\04 병\\강동우\\rag_gemini_portable\\분류작업\\12_감사청렴\\README.txt",
        "D:\\04 병\\강동우\\rag_gemini_portable\\분류작업\\12_감사청렴\\감사규정.txt",
        "D:\\04 병\\강동우\\rag_gemini_portable\\분류작업\\12_감사청렴\\감사규정시행내규.txt",
        "D:\\04 병\\강동우\\rag_gemini_portable\\분류작업\\12_감사청렴\\공익 부패신고 처리 및 신고자 보호 등에 관한 예규.txt",
        "D:\\04 병\\강동우\\rag_gemini_portable\\분류작업\\12_감사청렴\\공직자의 이해충돌 방지제도 운영예규.txt",
        "D:\\04 병\\강동우\\rag_gemini_portable\\분류작업\\12_감사청렴\\비위면직자 취업제한사무 운영예규.txt",
        "D:\\04 병\\강동우\\rag_gemini_portable\\분류작업\\12_감사청렴\\사기 등에 관한 규정.txt",
        "D:\\04 병\\강동우\\rag_gemini_portable\\분류작업\\12_감사청렴\\임직원 직무관련 범죄 고발예규.txt",
        "D:\\04 병\\강동우\\rag_gemini_portable\\분류작업\\12_감사청렴\\임직원 청렴계약제 운영예규.txt",
        "D:\\04 병\\강동우\\rag_gemini_portable\\분류작업\\12_감사청렴\\적극행정 면책제도 운영예규.txt",
        "D:\\04 병\\강동우\\rag_gemini_portable\\분류작업\\12_감사청렴\\청렴옴부즈만운영예규.txt"
    ],
    "건축기계1": [
        "D:\\04 병\\강동우\\rag_gemini_portable\\분류작업\\09_건축기계\\README.txt",
        "D:\\04 병\\강동우\\rag_gemini_portable\\분류작업\\09_건축기계\\건축시설관리규정.txt",
        "D:\\04 병\\강동우\\rag_gemini_portable\\분류작업\\09_건축기계\\기계설비관리규정 시행내규.txt",
        "D:\\04 병\\강동우\\rag_gemini_portable\\분류작업\\09_건축기계\\기계설비관리규정.txt",
        "D:\\04 병\\강동우\\rag_gemini_portable\\분류작업\\09_건축기계\\승강기 운행 및 관리내규.txt"
    ],
    "고객서비스1": [
        "D:\\04 병\\강동우\\rag_gemini_portable\\분류작업\\11_고객서비스\\README.txt",
        "D:\\04 병\\강동우\\rag_gemini_portable\\분류작업\\11_고객서비스\\고객센터 및 역 근무 예규.txt",
        "D:\\04 병\\강동우\\rag_gemini_portable\\분류작업\\11_고객서비스\\광고물등 관리규정.txt",
        "D:\\04 병\\강동우\\rag_gemini_portable\\분류작업\\11_고객서비스\\여객운송내규.txt",
        "D:\\04 병\\강동우\\rag_gemini_portable\\분류작업\\11_고객서비스\\여객운송약관.txt",
        "D:\\04 병\\강동우\\rag_gemini_portable\\분류작업\\11_고객서비스\\역구내시설물 임대관리규정.txt",
        "D:\\04 병\\강동우\\rag_gemini_portable\\분류작업\\11_고객서비스\\역순회요원 운영예규.txt",
        "D:\\04 병\\강동우\\rag_gemini_portable\\분류작업\\11_고객서비스\\역출입권 관리 및 상시출입자 운임감면 내규.txt",
        "D:\\04 병\\강동우\\rag_gemini_portable\\분류작업\\11_고객서비스\\운수수입관리규정.txt",
        "D:\\04 병\\강동우\\rag_gemini_portable\\분류작업\\11_고객서비스\\유료주차장 운영내규.txt",
        "D:\\04 병\\강동우\\rag_gemini_portable\\분류작업\\11_고객서비스\\유실물취급규정.txt"
    ],
    "기타특수1": [
        "D:\\04 병\\강동우\\rag_gemini_portable\\분류작업\\15_기타특수\\README.txt",
        "D:\\04 병\\강동우\\rag_gemini_portable\\분류작업\\15_기타특수\\장애인양궁단운영규정.txt",
        "D:\\04 병\\강동우\\rag_gemini_portable\\분류작업\\15_기타특수\\장애인양궁단운영규정시행내규.txt"
    ],
    "사무행정1": [
        "D:\\04 병\\강동우\\rag_gemini_portable\\분류작업\\13_사무행정\\그룹1\\README.txt",
        "D:\\04 병\\강동우\\rag_gemini_portable\\분류작업\\13_사무행정\\그룹1\\기록관운영내규.txt",
        "D:\\04 병\\강동우\\rag_gemini_portable\\분류작업\\13_사무행정\\그룹1\\민원처리규정.txt",
        "D:\\04 병\\강동우\\rag_gemini_portable\\분류작업\\13_사무행정\\그룹1\\사무관리규정 시행내규.txt",
        "D:\\04 병\\강동우\\rag_gemini_portable\\분류작업\\13_사무행정\\그룹1\\사무관리규정.txt",
        "D:\\04 병\\강동우\\rag_gemini_portable\\분류작업\\13_사무행정\\그룹1\\사무위임전결내규.txt",
        "D:\\04 병\\강동우\\rag_gemini_portable\\분류작업\\13_사무행정\\그룹1\\사무인계인수예규.txt"
    ],
    "사무행정2": [
        "D:\\04 병\\강동우\\rag_gemini_portable\\분류작업\\13_사무행정\\그룹2\\README.txt",
        "D:\\04 병\\강동우\\rag_gemini_portable\\분류작업\\13_사무행정\\그룹2\\개인정보보호를 위한 영상정보처리기기 설치운영예규.txt",
        "D:\\04 병\\강동우\\rag_gemini_portable\\분류작업\\13_사무행정\\그룹2\\도서관리내규.txt",
        "D:\\04 병\\강동우\\rag_gemini_portable\\분류작업\\13_사무행정\\그룹2\\사원증관리내규.txt",
        "D:\\04 병\\강동우\\rag_gemini_portable\\분류작업\\13_사무행정\\그룹2\\전산업무처리규정.txt",
        "D:\\04 병\\강동우\\rag_gemini_portable\\분류작업\\13_사무행정\\그룹2\\정보전산분야 정보보안내규.txt"
    ],
    "선로궤도1": [
        "D:\\04 병\\강동우\\rag_gemini_portable\\분류작업\\06_선로궤도\\README.txt",
        "D:\\04 병\\강동우\\rag_gemini_portable\\분류작업\\06_선로궤도\\궤도작업안전내규.txt",
        "D:\\04 병\\강동우\\rag_gemini_portable\\분류작업\\06_선로궤도\\궤도작업표준내규.txt",
        "D:\\04 병\\강동우\\rag_gemini_portable\\분류작업\\06_선로궤도\\선로검사내규.txt",
        "D:\\04 병\\강동우\\rag_gemini_portable\\분류작업\\06_선로궤도\\선로정비규정.txt",
        "D:\\04 병\\강동우\\rag_gemini_portable\\분류작업\\06_선로궤도\\토목시설물 유지관리규정.txt"
    ],
    "신호통신1": [
        "D:\\04 병\\강동우\\rag_gemini_portable\\분류작업\\08_신호통신\\그룹1\\README.txt",
        "D:\\04 병\\강동우\\rag_gemini_portable\\분류작업\\08_신호통신\\그룹1\\신호설비보수규정.txt",
        "D:\\04 병\\강동우\\rag_gemini_portable\\분류작업\\08_신호통신\\그룹1\\전자설비보수규정 시행내규.txt",
        "D:\\04 병\\강동우\\rag_gemini_portable\\분류작업\\08_신호통신\\그룹1\\전자설비보수규정.txt",
        "D:\\04 병\\강동우\\rag_gemini_portable\\분류작업\\08_신호통신\\그룹1\\정보통신설비보수규정 시행내규.txt",
        "D:\\04 병\\강동우\\rag_gemini_portable\\분류작업\\08_신호통신\\그룹1\\정보통신설비보수규정.txt",
        "D:\\04 병\\강동우\\rag_gemini_portable\\분류작업\\08_신호통신\\그룹1\\정보통신설비운용규정.txt"
    ],
    "신호통신2": [
        "D:\\04 병\\강동우\\rag_gemini_portable\\분류작업\\08_신호통신\\그룹2\\README.txt",
        "D:\\04 병\\강동우\\rag_gemini_portable\\분류작업\\08_신호통신\\그룹2\\승강장안전문설비운용관리규정 시행내규.txt",
        "D:\\04 병\\강동우\\rag_gemini_portable\\분류작업\\08_신호통신\\그룹2\\승강장안전문설비운용관리규정.txt",
        "D:\\04 병\\강동우\\rag_gemini_portable\\분류작업\\08_신호통신\\그룹2\\업무지원 통신설비 운영관리내규.txt",
        "D:\\04 병\\강동우\\rag_gemini_portable\\분류작업\\08_신호통신\\그룹2\\종합관제운영 및 보수내규.txt",
        "D:\\04 병\\강동우\\rag_gemini_portable\\분류작업\\08_신호통신\\그룹2\\지적확인환호응답내규.txt"
    ],
    "안전보안1": [
        "D:\\04 병\\강동우\\rag_gemini_portable\\분류작업\\10_안전보안\\그룹1\\README.txt",
        "D:\\04 병\\강동우\\rag_gemini_portable\\분류작업\\10_안전보안\\그룹1\\무재해운동시행내규.txt",
        "D:\\04 병\\강동우\\rag_gemini_portable\\분류작업\\10_안전보안\\그룹1\\보안업무운용규정.txt",
        "D:\\04 병\\강동우\\rag_gemini_portable\\분류작업\\10_안전보안\\그룹1\\사상사고처리규정.txt",
        "D:\\04 병\\강동우\\rag_gemini_portable\\분류작업\\10_안전보안\\그룹1\\안전관리규정.txt",
        "D:\\04 병\\강동우\\rag_gemini_portable\\분류작업\\10_안전보안\\그룹1\\안전보건관리규정.txt",
        "D:\\04 병\\강동우\\rag_gemini_portable\\분류작업\\10_안전보안\\그룹1\\안전지도관운영내규.txt",
        "D:\\04 병\\강동우\\rag_gemini_portable\\분류작업\\10_안전보안\\그룹1\\재난업무 처리규정.txt",
        "D:\\04 병\\강동우\\rag_gemini_portable\\분류작업\\10_안전보안\\그룹1\\철도사고·장애¸ 철도차량고장 등의 보고 및 조사처리에 관한 규정.txt"
    ],
    "안전보안2": [
        "D:\\04 병\\강동우\\rag_gemini_portable\\분류작업\\10_안전보안\\그룹2\\README.txt",
        "D:\\04 병\\강동우\\rag_gemini_portable\\분류작업\\10_안전보안\\그룹2\\공사감독자 복무내규.txt",
        "D:\\04 병\\강동우\\rag_gemini_portable\\분류작업\\10_안전보안\\그룹2\\당직근무내규.txt",
        "D:\\04 병\\강동우\\rag_gemini_portable\\분류작업\\10_안전보안\\그룹2\\민방위운영내규.txt",
        "D:\\04 병\\강동우\\rag_gemini_portable\\분류작업\\10_안전보안\\그룹2\\예비군운영내규.txt",
        "D:\\04 병\\강동우\\rag_gemini_portable\\분류작업\\10_안전보안\\그룹2\\청원경찰경비근무내규.txt",
        "D:\\04 병\\강동우\\rag_gemini_portable\\분류작업\\10_안전보안\\그룹2\\청원경찰운영규정.txt",
        "D:\\04 병\\강동우\\rag_gemini_portable\\분류작업\\10_안전보안\\그룹2\\청원경찰징계규정.txt"
    ],
    "연구기획1": [
        "D:\\04 병\\강동우\\rag_gemini_portable\\분류작업\\14_연구기획\\README.txt",
        "D:\\04 병\\강동우\\rag_gemini_portable\\분류작업\\14_연구기획\\국가연구개발사업 수행에 관한 예규.txt",
        "D:\\04 병\\강동우\\rag_gemini_portable\\분류작업\\14_연구기획\\기획관리규정.txt",
        "D:\\04 병\\강동우\\rag_gemini_portable\\분류작업\\14_연구기획\\연구규정.txt",
        "D:\\04 병\\강동우\\rag_gemini_portable\\분류작업\\14_연구기획\\연구규정시행내규.txt",
        "D:\\04 병\\강동우\\rag_gemini_portable\\분류작업\\14_연구기획\\정책연구용역 관리규정.txt",
        "D:\\04 병\\강동우\\rag_gemini_portable\\분류작업\\14_연구기획\\제안규정.txt"
    ],
    "운전운행1": [
        "D:\\04 병\\강동우\\rag_gemini_portable\\분류작업\\04_운전운행\\그룹1\\3호선 관제 운영 및 보수예규.txt",
        "D:\\04 병\\강동우\\rag_gemini_portable\\분류작업\\04_운전운행\\그룹1\\3호선 열차운행내규.txt",
        "D:\\04 병\\강동우\\rag_gemini_portable\\분류작업\\04_운전운행\\그룹1\\README.txt",
        "D:\\04 병\\강동우\\rag_gemini_portable\\분류작업\\04_운전운행\\그룹1\\기관사 운전무사고 성적심사규정.txt",
        "D:\\04 병\\강동우\\rag_gemini_portable\\분류작업\\04_운전운행\\그룹1\\기관사작업내규.txt",
        "D:\\04 병\\강동우\\rag_gemini_portable\\분류작업\\04_운전운행\\그룹1\\기관사지도운용내규.txt",
        "D:\\04 병\\강동우\\rag_gemini_portable\\분류작업\\04_운전운행\\그룹1\\운전종사원 안전작업내규.txt",
        "D:\\04 병\\강동우\\rag_gemini_portable\\분류작업\\04_운전운행\\그룹1\\운전취급규정.txt",
        "D:\\04 병\\강동우\\rag_gemini_portable\\분류작업\\04_운전운행\\그룹1\\운행관리원 운영관리예규.txt",
        "D:\\04 병\\강동우\\rag_gemini_portable\\분류작업\\04_운전운행\\그룹1\\차량기지구내 운전취급내규.txt"
    ],
    "운전운행2": [
        "D:\\04 병\\강동우\\rag_gemini_portable\\분류작업\\04_운전운행\\그룹2\\3호선보수작업통제예규.txt",
        "D:\\04 병\\강동우\\rag_gemini_portable\\분류작업\\04_운전운행\\그룹2\\README.txt",
        "D:\\04 병\\강동우\\rag_gemini_portable\\분류작업\\04_운전운행\\그룹2\\도시철도운전관계 기록작성 및 보고내규.txt",
        "D:\\04 병\\강동우\\rag_gemini_portable\\분류작업\\04_운전운행\\그룹2\\본선 및 기지보수작업 통제내규.txt",
        "D:\\04 병\\강동우\\rag_gemini_portable\\분류작업\\04_운전운행\\그룹2\\본선유치모터카 운전취급예규.txt",
        "D:\\04 병\\강동우\\rag_gemini_portable\\분류작업\\04_운전운행\\그룹2\\선로지장취급내규.txt",
        "D:\\04 병\\강동우\\rag_gemini_portable\\분류작업\\04_운전운행\\그룹2\\연결선 운전취급내규.txt",
        "D:\\04 병\\강동우\\rag_gemini_portable\\분류작업\\04_운전운행\\그룹2\\철도장비관리 및 작업내규.txt"
    ],
    "인사노무1": [
        "D:\\04 병\\강동우\\rag_gemini_portable\\분류작업\\02_인사노무\\그룹1\\README.txt",
        "D:\\04 병\\강동우\\rag_gemini_portable\\분류작업\\02_인사노무\\그룹1\\공무직 관리규정.txt",
        "D:\\04 병\\강동우\\rag_gemini_portable\\분류작업\\02_인사노무\\그룹1\\교육훈련규정 시행내규.txt",
        "D:\\04 병\\강동우\\rag_gemini_portable\\분류작업\\02_인사노무\\그룹1\\교육훈련규정.txt",
        "D:\\04 병\\강동우\\rag_gemini_portable\\분류작업\\02_인사노무\\그룹1\\보수규정.txt",
        "D:\\04 병\\강동우\\rag_gemini_portable\\분류작업\\02_인사노무\\그룹1\\보수규정시행내규.txt",
        "D:\\04 병\\강동우\\rag_gemini_portable\\분류작업\\02_인사노무\\그룹1\\복리후생규정.txt",
        "D:\\04 병\\강동우\\rag_gemini_portable\\분류작업\\02_인사노무\\그룹1\\연봉제보수규정.txt",
        "D:\\04 병\\강동우\\rag_gemini_portable\\분류작업\\02_인사노무\\그룹1\\인사규정.txt",
        "D:\\04 병\\강동우\\rag_gemini_portable\\분류작업\\02_인사노무\\그룹1\\인사규정시행내규.txt",
        "D:\\04 병\\강동우\\rag_gemini_portable\\분류작업\\02_인사노무\\그룹1\\취업규칙.txt"
    ],
    "인사노무2": [
        "D:\\04 병\\강동우\\rag_gemini_portable\\분류작업\\02_인사노무\\그룹2\\README.txt",
        "D:\\04 병\\강동우\\rag_gemini_portable\\분류작업\\02_인사노무\\그룹2\\계약직 관리내규.txt",
        "D:\\04 병\\강동우\\rag_gemini_portable\\분류작업\\02_인사노무\\그룹2\\공무직 근로자 보수 및 복리후생내규.txt",
        "D:\\04 병\\강동우\\rag_gemini_portable\\분류작업\\02_인사노무\\그룹2\\공무직 취업규칙.txt",
        "D:\\04 병\\강동우\\rag_gemini_portable\\분류작업\\02_인사노무\\그룹2\\기능인재추천채용제 운영내규.txt",
        "D:\\04 병\\강동우\\rag_gemini_portable\\분류작업\\02_인사노무\\그룹2\\여비규정.txt",
        "D:\\04 병\\강동우\\rag_gemini_portable\\분류작업\\02_인사노무\\그룹2\\전환형 시간선택제 관리예규.txt",
        "D:\\04 병\\강동우\\rag_gemini_portable\\분류작업\\02_인사노무\\그룹2\\피복지급관리내규.txt",
        "D:\\04 병\\강동우\\rag_gemini_portable\\분류작업\\02_인사노무\\그룹2\\학자보조금지원관리내규.txt",
        "D:\\04 병\\강동우\\rag_gemini_portable\\분류작업\\02_인사노무\\그룹2\\해외파견직원 관리내규.txt"
    ],
    "재무회계1": [
        "D:\\04 병\\강동우\\rag_gemini_portable\\분류작업\\03_재무회계\\그룹1\\README.txt",
        "D:\\04 병\\강동우\\rag_gemini_portable\\분류작업\\03_재무회계\\그룹1\\공사집행규정.txt",
        "D:\\04 병\\강동우\\rag_gemini_portable\\분류작업\\03_재무회계\\그룹1\\물품관리규정.txt",
        "D:\\04 병\\강동우\\rag_gemini_portable\\분류작업\\03_재무회계\\그룹1\\물품관리규정시행내규.txt",
        "D:\\04 병\\강동우\\rag_gemini_portable\\분류작업\\03_재무회계\\그룹1\\재산관리규정.txt",
        "D:\\04 병\\강동우\\rag_gemini_portable\\분류작업\\03_재무회계\\그룹1\\재산관리규정시행내규.txt",
        "D:\\04 병\\강동우\\rag_gemini_portable\\분류작업\\03_재무회계\\그룹1\\회계규정.txt",
        "D:\\04 병\\강동우\\rag_gemini_portable\\분류작업\\03_재무회계\\그룹1\\회계규정시행내규.txt"
    ],
    "재무회계2": [
        "D:\\04 병\\강동우\\rag_gemini_portable\\분류작업\\03_재무회계\\그룹2\\README.txt",
        "D:\\04 병\\강동우\\rag_gemini_portable\\분류작업\\03_재무회계\\그룹2\\경영평가 및 심사분석내규.txt",
        "D:\\04 병\\강동우\\rag_gemini_portable\\분류작업\\03_재무회계\\그룹2\\소송사무처리규정.txt",
        "D:\\04 병\\강동우\\rag_gemini_portable\\분류작업\\03_재무회계\\그룹2\\예산성과금 지급내규.txt",
        "D:\\04 병\\강동우\\rag_gemini_portable\\분류작업\\03_재무회계\\그룹2\\자금운용예규.txt",
        "D:\\04 병\\강동우\\rag_gemini_portable\\분류작업\\03_재무회계\\그룹2\\투자사업심사 운영내규.txt"
    ],
    "전기설비1": [
        "D:\\04 병\\강동우\\rag_gemini_portable\\분류작업\\07_전기설비\\README.txt",
        "D:\\04 병\\강동우\\rag_gemini_portable\\분류작업\\07_전기설비\\전기관계공사 및 보수한계규정.txt",
        "D:\\04 병\\강동우\\rag_gemini_portable\\분류작업\\07_전기설비\\전기설비보수규정.txt",
        "D:\\04 병\\강동우\\rag_gemini_portable\\분류작업\\07_전기설비\\전기설비설치규정.txt",
        "D:\\04 병\\강동우\\rag_gemini_portable\\분류작업\\07_전기설비\\전기시설물대장 및 도면관리내규.txt",
        "D:\\04 병\\강동우\\rag_gemini_portable\\분류작업\\07_전기설비\\전기작업안전내규.txt",
        "D:\\04 병\\강동우\\rag_gemini_portable\\분류작업\\07_전기설비\\전력계통운용규정.txt",
        "D:\\04 병\\강동우\\rag_gemini_portable\\분류작업\\07_전기설비\\청원전력공급규정.txt"
    ],
    "조직경영1": [
        "D:\\04 병\\강동우\\rag_gemini_portable\\분류작업\\01_조직경영\\그룹1\\README.txt",
        "D:\\04 병\\강동우\\rag_gemini_portable\\분류작업\\01_조직경영\\그룹1\\대구교통공사 윤리강령.txt",
        "D:\\04 병\\강동우\\rag_gemini_portable\\분류작업\\01_조직경영\\그룹1\\대구교통공사 임직원 행동강령.txt",
        "D:\\04 병\\강동우\\rag_gemini_portable\\분류작업\\01_조직경영\\그룹1\\대구교통공사 정관.txt",
        "D:\\04 병\\강동우\\rag_gemini_portable\\분류작업\\01_조직경영\\그룹1\\사규관리규정.txt",
        "D:\\04 병\\강동우\\rag_gemini_portable\\분류작업\\01_조직경영\\그룹1\\직제규정.txt",
        "D:\\04 병\\강동우\\rag_gemini_portable\\분류작업\\01_조직경영\\그룹1\\직제규정시행내규.txt"
    ],
    "조직경영2": [
        "D:\\04 병\\강동우\\rag_gemini_portable\\분류작업\\01_조직경영\\그룹2\\README.txt",
        "D:\\04 병\\강동우\\rag_gemini_portable\\분류작업\\01_조직경영\\그룹2\\위원회 관리내규.txt",
        "D:\\04 병\\강동우\\rag_gemini_portable\\분류작업\\01_조직경영\\그룹2\\이사회운영규정.txt",
        "D:\\04 병\\강동우\\rag_gemini_portable\\분류작업\\01_조직경영\\그룹2\\임원 인사규정.txt",
        "D:\\04 병\\강동우\\rag_gemini_portable\\분류작업\\01_조직경영\\그룹2\\임원추천위원회 설치운영규정.txt",
        "D:\\04 병\\강동우\\rag_gemini_portable\\분류작업\\01_조직경영\\그룹2\\출자회사관리규정.txt"
    ],
    "차량검수1": [
        "D:\\04 병\\강동우\\rag_gemini_portable\\분류작업\\05_차량검수\\3호선 모노레일 검사내규.txt",
        "D:\\04 병\\강동우\\rag_gemini_portable\\분류작업\\05_차량검수\\3호선 모노레일 작업표준내규.txt",
        "D:\\04 병\\강동우\\rag_gemini_portable\\분류작업\\05_차량검수\\3호선 모노레일 정비규정.txt",
        "D:\\04 병\\강동우\\rag_gemini_portable\\분류작업\\05_차량검수\\README.txt",
        "D:\\04 병\\강동우\\rag_gemini_portable\\분류작업\\05_차량검수\\전동차 검수기계 관리내규.txt",
        "D:\\04 병\\강동우\\rag_gemini_portable\\분류작업\\05_차량검수\\전동차 검수작업 안전내규.txt",
        "D:\\04 병\\강동우\\rag_gemini_portable\\분류작업\\05_차량검수\\전동차검수규정 시행내규.txt",
        "D:\\04 병\\강동우\\rag_gemini_portable\\분류작업\\05_차량검수\\전동차검수규정.txt",
        "D:\\04 병\\강동우\\rag_gemini_portable\\분류작업\\05_차량검수\\전동차관리규정.txt",
        "D:\\04 병\\강동우\\rag_gemini_portable\\분류작업\\05_차량검수\\차량고장 및 탈선복구내규.txt",
        "D:\\04 병\\강동우\\rag_gemini_portable\\분류작업\\05_차량검수\\철도차량 정비교육훈련기관 운영규정.txt"
    ]
}